layer,observed_subject_recovery,pr15_reference,delta
0,0.9956607177065296,0.994,0.0016607177065296463
10,0.928749744690708,0.92,0.008749744690707995
22,0.8524375006044824,0.849,0.0034375006044824463
23,0.7289377051302622,0.725,0.003937705130262259
24,0.40019374966365323,0.411,-0.010806250336346745
35,0.0,0.0,0.0
