{
 "label": "Attention",
 "n_layer": 24,
 "chance_15way": 0.06666666666666667,
 "clean_tmpl": [
  0.46666669845581055,
  0.5611111521720886,
  0.7833333810170492,
  0.8055556019147238,
  0.9555555979410807,
  0.9555555979410807,
  0.944444477558136,
  0.9611111481984457,
  0.9277778267860413,
  0.9333333770434061,
  0.9500000476837158,
  0.9722222685813904,
  0.9722222685813904,
  0.9722222487131754,
  0.9777778387069702,
  0.9777778387069702,
  0.9777778387069702,
  0.98333340883255,
  0.9888889392217001,
  0.9777778188387553,
  0.9833333690961202,
  0.9777777989705404,
  0.9777777989705404,
  0.9166667064030966
 ],
 "clean_tmpl_raw": [
  0.588888923327128,
  0.9722222685813904,
  0.9833333690961202,
  0.99444446961085,
  0.9777778387069702,
  0.9777778387069702,
  0.9333333770434061,
  0.9777778387069702,
  0.9611111283302307,
  0.9722222685813904,
  0.9555555780728658,
  0.9666667183240255,
  0.9777778387069702,
  0.9777778387069702,
  0.9777778188387553,
  0.9722222685813904,
  0.9611111680666605,
  0.9555555979410807,
  0.9222222765286764,
  0.9555555979410807,
  0.9555555979410807,
  0.9722222685813904,
  0.938888947168986,
  0.944444477558136
 ],
 "within_cat": [
  0.8472222260066441,
  0.9861111130033221,
  0.9940476190476192,
  1.0,
  1.0,
  1.0,
  1.0,
  1.0,
  1.0,
  1.0,
  0.9940476190476192,
  0.9940476190476192,
  0.9880952380952381,
  1.0,
  1.0,
  0.9880952380952381,
  0.9940476190476192,
  0.9940476190476192,
  1.0,
  1.0,
  0.9940476190476192,
  1.0,
  0.9940476190476192,
  0.9841269850730896
 ],
 "within_cat_chance": 0.4666666666666662,
 "random_split": [
  0.46000009775161743,
  0.5266667008399963,
  0.7333333492279053,
  0.6583333611488342,
  0.7700000405311584,
  0.7566667795181274,
  0.6466667056083679,
  0.6683333516120911,
  0.6066666841506958,
  0.6399999856948853,
  0.5916666388511658,
  0.6216667294502258,
  0.59333336353302,
  0.658333420753479,
  0.6583333611488342,
  0.6666666865348816,
  0.6783333420753479,
  0.6883333921432495,
  0.6966667175292969,
  0.6866666078567505,
  0.6666667461395264,
  0.6550000309944153,
  0.6483333706855774,
  0.5800000429153442
 ],
 "random_split_std": [
  0.03442651405930519,
  0.052234042435884476,
  0.06431020051240921,
  0.06148872897028923,
  0.054319582879543304,
  0.05621827021241188,
  0.05921294540166855,
  0.044755857437849045,
  0.07825251668691635,
  0.08285045623779297,
  0.08434570580720901,
  0.08090918511152267,
  0.08999313414096832,
  0.08021961152553558,
  0.07081972807645798,
  0.05719795078039169,
  0.061388276517391205,
  0.06287848204374313,
  0.06126244738698006,
  0.06703601777553558,
  0.07412036508321762,
  0.07496913522481918,
  0.07047022134065628,
  0.05816113203763962
 ],
 "random_label": [
  0.07333333641290665,
  0.06000000387430191,
  0.07666667103767395,
  0.05666666962206364,
  0.056666670739650725,
  0.06333333775401115,
  0.05000000298023224,
  0.06000000387430191,
  0.056666669249534604,
  0.053333336114883424,
  0.06000000387430191,
  0.05666666999459267,
  0.053333337604999545,
  0.056666669249534604,
  0.05333333648741245,
  0.06000000387430191,
  0.056666668877005576,
  0.06333333551883698,
  0.046666668727993965,
  0.053333336114883424,
  0.053333335742354396,
  0.053333335742354396,
  0.05666666962206364,
  0.056666668877005576
 ]
}