{
 "label": "BoV",
 "n_layer": 24,
 "chance_15way": 0.06666666666666667,
 "clean_tmpl": [
  0.5111111402511597,
  0.6388889153798422,
  0.8888889153798422,
  0.8722222646077474,
  0.9333333770434061,
  0.9777777989705404,
  0.9611111680666605,
  0.9722222487131754,
  0.9166667064030966,
  0.9333333770434061,
  0.9277778267860413,
  0.9111111561457316,
  0.894444485505422,
  0.8944445053736368,
  0.9055555860201517,
  0.944444497426351,
  0.944444497426351,
  0.9777778387069702,
  0.9722222884496053,
  0.9666666984558105,
  0.9666667183240255,
  0.9722222685813904,
  0.9722222685813904,
  0.888888935248057
 ],
 "clean_tmpl_raw": [
  0.6722222566604614,
  0.9722222685813904,
  0.9777778188387553,
  0.9888889392217001,
  0.9833333492279053,
  0.9666666984558105,
  0.9611111680666605,
  0.9388889273007711,
  0.9166667064030966,
  0.9500000675519308,
  0.944444477558136,
  0.9166667064030966,
  0.9111111362775167,
  0.9222222566604614,
  0.9111111561457316,
  0.944444497426351,
  0.9666667183240255,
  0.9555555979410807,
  0.9500000278155009,
  0.944444477558136,
  0.9055556058883667,
  0.944444457689921,
  0.9111111561457316,
  0.944444477558136
 ],
 "within_cat": [
  0.8373015891937982,
  0.9464285714285714,
  0.9940476190476192,
  1.0,
  0.9940476190476192,
  0.9940476190476192,
  0.9880952380952381,
  0.9880952380952381,
  0.9821428571428571,
  0.9821428571428571,
  0.9662698422159467,
  0.9424603184064229,
  0.9484126993588039,
  0.9424603184064229,
  0.9484126993588039,
  0.9702380952380951,
  0.9880952380952381,
  0.9940476190476192,
  0.9841269850730896,
  0.9880952380952381,
  0.9781746041207086,
  0.9781746041207086,
  0.9900793660254706,
  0.9563492082414174
 ],
 "within_cat_chance": 0.4666666666666662,
 "random_split": [
  0.46666669845581055,
  0.5416666865348816,
  0.815000057220459,
  0.7466667890548706,
  0.7950000762939453,
  0.8616666793823242,
  0.7600001096725464,
  0.7116667032241821,
  0.621666669845581,
  0.6133334040641785,
  0.5716666579246521,
  0.5033333897590637,
  0.5049999952316284,
  0.49500006437301636,
  0.45333331823349,
  0.5883334279060364,
  0.5433333516120911,
  0.64000004529953,
  0.6333333253860474,
  0.6066666841506958,
  0.621666669845581,
  0.6666666865348816,
  0.6450000405311584,
  0.5233333706855774
 ],
 "random_split_std": [
  0.034246739000082016,
  0.05343163385987282,
  0.062088146805763245,
  0.025819890201091766,
  0.03853009268641472,
  0.02229156531393528,
  0.04172218590974808,
  0.03047969937324524,
  0.04909678176045418,
  0.06610878556966782,
  0.04972144588828087,
  0.05317104980349541,
  0.07897882163524628,
  0.07159988582134247,
  0.07568616420030594,
  0.06088342145085335,
  0.06675919890403748,
  0.061963748186826706,
  0.059317104518413544,
  0.05784184858202934,
  0.04516772925853729,
  0.04444443807005882,
  0.045167721807956696,
  0.04317636042833328
 ],
 "random_label": [
  0.06666667014360428,
  0.06000000312924385,
  0.05666666999459267,
  0.05666666999459267,
  0.06666667163372039,
  0.06333333626389503,
  0.056666670739650725,
  0.06333333626389503,
  0.053333336114883424,
  0.0400000024586916,
  0.05000000260770321,
  0.04666666947305202,
  0.04666666947305202,
  0.04666666947305202,
  0.053333336114883424,
  0.06000000275671482,
  0.05666666962206364,
  0.05666666962206364,
  0.05666666962206364,
  0.05666666962206364,
  0.056666670367121696,
  0.056666670367121696,
  0.056666670367121696,
  0.06333333775401115
 ]
}