{
 "model": "arch_d12_gpt_base_1.5e18",
 "label": "d12",
 "n_layer": 12,
 "n_pairs": 12,
 "recovery": [
  0.992887556552887,
  0.9903836846351624,
  0.9940540790557861,
  0.9831376671791077,
  0.9727221131324768,
  0.8526636958122253,
  0.8253206610679626,
  0.8351719379425049,
  0.7665637135505676,
  0.4910675585269928,
  0.1158006563782692,
  0.0
 ],
 "boundary": 8
}