{
 "model": "arch_d24_gpt_base",
 "label": "d24",
 "n_layer": 24,
 "n_pairs": 12,
 "recovery": [
  0.9982138276100159,
  0.9919281601905823,
  0.9895344376564026,
  0.9932778477668762,
  0.9772651195526123,
  0.9822133183479309,
  0.9740493297576904,
  0.9841809272766113,
  0.9770933985710144,
  0.9082370400428772,
  0.872778594493866,
  0.8498105406761169,
  0.8216738104820251,
  0.7700892090797424,
  0.5766581892967224,
  0.4977540671825409,
  0.39465364813804626,
  0.104677714407444,
  0.08275377750396729,
  0.05565161630511284,
  0.03717393800616264,
  0.006261248141527176,
  0.007046156097203493,
  0.0
 ],
 "boundary": 14
}