{
 "model": "arch_d24_gpt_base_100B",
 "label": "d24",
 "n_layer": 24,
 "distances": [
  0,
  100,
  400,
  800,
  1400
 ],
 "per_distance": {
  "0": {
   "n_pairs": 12,
   "seq_len": 12,
   "mean_denominator_logit_diff": 10.101387222607931,
   "recovery_entity_pos": [
    0.9986026883125305,
    0.9978489279747009,
    0.9879797101020813,
    0.9885520339012146,
    0.9718126654624939,
    0.9657711982727051,
    0.9650757908821106,
    0.9634167551994324,
    0.9650828838348389,
    0.9479057788848877,
    0.9504297375679016,
    0.9282010197639465,
    0.8746511936187744,
    0.7919363379478455,
    0.7401161193847656,
    0.5552889704704285,
    0.22461022436618805,
    0.10535770654678345,
    0.11322935670614243,
    0.09935131669044495,
    0.032177090644836426,
    0.001366110984236002,
    -0.001210049376823008,
    0.0
   ],
   "recovery_last_pos": [
    2.4356841095141135e-05,
    0.00045838081859983504,
    9.639881318435073e-05,
    0.00242677703499794,
    0.0060747843235731125,
    0.006193278357386589,
    0.007493854966014624,
    0.0099295349791646,
    0.008528917096555233,
    0.011999263428151608,
    0.013256783597171307,
    0.026135170832276344,
    0.05280998349189758,
    0.10845338553190231,
    0.15168975293636322,
    0.2766001224517822,
    0.5243261456489563,
    0.6402893662452698,
    0.6368929743766785,
    0.6870312690734863,
    0.7961644530296326,
    0.8654463291168213,
    0.8903799653053284,
    1.0
   ]
  },
  "100": {
   "n_pairs": 12,
   "seq_len": 112,
   "mean_denominator_logit_diff": 10.0238649447759,
   "recovery_entity_pos": [
    0.9984539151191711,
    0.9986664652824402,
    0.9945263266563416,
    0.9942207336425781,
    0.9763105511665344,
    0.9728710651397705,
    0.9687274098396301,
    0.9632267951965332,
    0.9635472893714905,
    0.9534192085266113,
    0.9491382241249084,
    0.9187013506889343,
    0.8876841068267822,
    0.8532523512840271,
    0.8063656687736511,
    0.6979854702949524,
    0.5242480635643005,
    0.46835747361183167,
    0.45103394985198975,
    0.4042957127094269,
    0.22725753486156464,
    0.1691691279411316,
    0.14884115755558014,
    0.0
   ],
   "recovery_last_pos": [
    0.0007770954980514944,
    0.0009494256228208542,
    -0.0002671889087650925,
    0.0004937316407449543,
    0.0015553548000752926,
    0.0018483661115169525,
    0.000792540842667222,
    0.004996913485229015,
    0.003950763959437609,
    0.007510825991630554,
    0.01287154108285904,
    0.03353164345026016,
    0.054682258516550064,
    0.08406472206115723,
    0.11754703521728516,
    0.19071300327777863,
    0.32993951439857483,
    0.38913992047309875,
    0.40833985805511475,
    0.474202424287796,
    0.6472776532173157,
    0.7307639122009277,
    0.7613160014152527,
    1.0
   ]
  },
  "400": {
   "n_pairs": 12,
   "seq_len": 412,
   "mean_denominator_logit_diff": 9.82727579275767,
   "recovery_entity_pos": [
    0.9996713995933533,
    1.002105474472046,
    0.9923739433288574,
    0.9885851740837097,
    0.9759284853935242,
    0.971314013004303,
    0.9665442109107971,
    0.9646065831184387,
    0.9622542858123779,
    0.9547362327575684,
    0.9561211466789246,
    0.9357561469078064,
    0.9030346870422363,
    0.8836669921875,
    0.8312775492668152,
    0.7375895977020264,
    0.6172336339950562,
    0.5723941326141357,
    0.5528937578201294,
    0.48418498039245605,
    0.2854948341846466,
    0.22247301042079926,
    0.1917329877614975,
    0.0
   ],
   "recovery_last_pos": [
    0.0006189707783050835,
    -0.00042014234350062907,
    -0.0010122545063495636,
    0.00046606818796135485,
    -0.0009990405524149537,
    -0.0004226969613227993,
    0.0009718057117424905,
    0.0019939683843404055,
    0.000804724229965359,
    -0.0006170877604745328,
    0.005067037418484688,
    0.021746709942817688,
    0.044001419097185135,
    0.05955022946000099,
    0.0942036435008049,
    0.16905701160430908,
    0.2634877860546112,
    0.3129581809043884,
    0.33087602257728577,
    0.4311252534389496,
    0.6238716244697571,
    0.7128670811653137,
    0.752824068069458,
    1.0
   ]
  },
  "800": {
   "n_pairs": 12,
   "seq_len": 812,
   "mean_denominator_logit_diff": 9.150223970413208,
   "recovery_entity_pos": [
    0.9959747195243835,
    0.9968276619911194,
    0.9891899228096008,
    0.9783391952514648,
    0.9595861434936523,
    0.953728437423706,
    0.9520361423492432,
    0.9471786618232727,
    0.9457668662071228,
    0.9342144131660461,
    0.9366214871406555,
    0.8941566348075867,
    0.8880319595336914,
    0.8824287056922913,
    0.863079309463501,
    0.5599216222763062,
    0.5334812998771667,
    0.5177754759788513,
    0.5030220150947571,
    0.36502933502197266,
    0.34125861525535583,
    0.33242830634117126,
    0.33064255118370056,
    0.0
   ],
   "recovery_last_pos": [
    0.0,
    0.0008576270192861557,
    4.3320003896951675e-05,
    0.0012791772605851293,
    0.0006297893123701215,
    0.0029389597475528717,
    0.0028766433242708445,
    0.0049230558797717094,
    0.0059671769849956036,
    0.007827050983905792,
    0.007898544892668724,
    0.04794129356741905,
    0.04988018050789833,
    0.05255290865898132,
    0.05870121717453003,
    0.3122912347316742,
    0.3195609748363495,
    0.3476395606994629,
    0.35487639904022217,
    0.5317235589027405,
    0.5360307693481445,
    0.5612510442733765,
    0.5721499919891357,
    1.0
   ]
  },
  "1400": {
   "n_pairs": 12,
   "seq_len": 1412,
   "mean_denominator_logit_diff": 7.884383757909139,
   "recovery_entity_pos": [
    0.9967100620269775,
    0.9978828430175781,
    0.9879176616668701,
    0.9793820977210999,
    0.963080883026123,
    0.9553250670433044,
    0.9556664824485779,
    0.955416202545166,
    0.9531393051147461,
    0.9415569305419922,
    0.9436215758323669,
    0.9238646030426025,
    0.9172268509864807,
    0.9152827262878418,
    0.9040840268135071,
    0.5735663771629333,
    0.5548129677772522,
    0.5440649390220642,
    0.5336135625839233,
    0.39720645546913147,
    0.38659775257110596,
    0.3846561908721924,
    0.38194918632507324,
    0.0
   ],
   "recovery_last_pos": [
    0.0,
    0.0,
    -0.0014632194070145488,
    -0.002097755903378129,
    -0.0007012973655946553,
    -0.00018996708968188614,
    -4.373840056359768e-05,
    0.004181320779025555,
    0.004534278530627489,
    0.006398554891347885,
    0.0038890272844582796,
    0.026755280792713165,
    0.031512241810560226,
    0.03479984030127525,
    0.04162831977009773,
    0.2888343632221222,
    0.2951013147830963,
    0.3213854432106018,
    0.33040252327919006,
    0.5122549533843994,
    0.518393337726593,
    0.5481604933738708,
    0.5591521859169006,
    1.0
   ]
  }
 }
}