{
 "model": "Qwen/Qwen3-8B-Base",
 "n_layer": 36,
 "boundary": 22,
 "mass": {
  "subject name": [
   0.021348046138882637,
   0.019047318026423454,
   0.03339492529630661,
   0.02778521366417408,
   0.014868342317640781,
   0.024012260138988495,
   0.026832984760403633,
   0.0077216546051204205,
   0.03353162854909897,
   0.03238683193922043,
   0.028579963371157646,
   0.05929044261574745,
   0.03628145903348923,
   0.03672610968351364,
   0.04367968812584877,
   0.030509280040860176,
   0.045301955193281174,
   0.05674810707569122,
   0.07897385954856873,
   0.058788515627384186,
   0.04799217730760574,
   0.07444534450769424,
   0.04088494926691055,
   0.07255200296640396,
   0.06781591475009918,
   0.032837238162755966,
   0.054801180958747864,
   0.01986222341656685,
   0.026401232928037643,
   0.02375718578696251,
   0.009666020050644875,
   0.015730129554867744,
   0.008868265897035599,
   0.010178504511713982,
   0.013128980994224548,
   0.017833637073636055
  ],
  "subject name (max head)": [
   0.2558486759662628,
   0.09283379465341568,
   0.28918373584747314,
   0.2532995939254761,
   0.06397373974323273,
   0.2881726622581482,
   0.1416275054216385,
   0.06523966789245605,
   0.28260520100593567,
   0.3108476400375366,
   0.20762276649475098,
   0.36226609349250793,
   0.25275206565856934,
   0.40753310918807983,
   0.25062671303749084,
   0.18106086552143097,
   0.2331065833568573,
   0.29959896206855774,
   0.33876752853393555,
   0.3931801915168762,
   0.19851647317409515,
   0.32578107714653015,
   0.2468433380126953,
   0.45649322867393494,
   0.4451700448989868,
   0.28803011775016785,
   0.33766207098960876,
   0.13851304352283478,
   0.13567999005317688,
   0.18006139993667603,
   0.06411489844322205,
   0.1394234299659729,
   0.07854322344064713,
   0.08489702641963959,
   0.07002599537372589,
   0.10298050194978714
  ],
  "last token (itself)": [
   0.21293435990810394,
   0.07407840341329575,
   0.04129888117313385,
   0.02083427459001541,
   0.04342398792505264,
   0.08749799430370331,
   0.13796813786029816,
   0.04419557750225067,
   0.046910472214221954,
   0.05273035913705826,
   0.07348085939884186,
   0.06277865916490555,
   0.0758289247751236,
   0.03895584121346474,
   0.08547571301460266,
   0.050121407955884933,
   0.07259348034858704,
   0.08413764834403992,
   0.05253832787275314,
   0.057415109127759933,
   0.05791544169187546,
   0.04360807314515114,
   0.11840074509382248,
   0.09471530467271805,
   0.05246593430638313,
   0.0422748364508152,
   0.02375846914947033,
   0.03825683891773224,
   0.05137931928038597,
   0.01740085706114769,
   0.06083270534873009,
   0.039433933794498444,
   0.04645678773522377,
   0.018169453367590904,
   0.05075738951563835,
   0.10145855695009232
  ],
  "first token (sink)": [
   0.040785983204841614,
   0.0393291674554348,
   0.12646639347076416,
   0.10022580623626709,
   0.09475573897361755,
   0.07548487931489944,
   0.029666714370250702,
   0.6739625334739685,
   0.6594798564910889,
   0.691291093826294,
   0.6014768481254578,
   0.5293978452682495,
   0.5714827179908752,
   0.6191198825836182,
   0.49853575229644775,
   0.4915715754032135,
   0.541342556476593,
   0.47345367074012756,
   0.4673636853694916,
   0.5426753759384155,
   0.5363234877586365,
   0.4710582494735718,
   0.5303279757499695,
   0.41772347688674927,
   0.6305871605873108,
   0.6919934749603271,
   0.7404559254646301,
   0.789527952671051,
   0.690497100353241,
   0.8082377314567566,
   0.7839533090591431,
   0.8480799198150635,
   0.850895345211029,
   0.839471697807312,
   0.7830930352210999,
   0.6701701283454895
  ],
  "rest": [
   0.7249316573143005,
   0.8675451278686523,
   0.798839807510376,
   0.851154625415802,
   0.8469520211219788,
   0.8130048513412476,
   0.8055321574211121,
   0.27412015199661255,
   0.2600780725479126,
   0.22359177470207214,
   0.29646235704421997,
   0.3485330045223236,
   0.31640690565109253,
   0.30519822239875793,
   0.3723088502883911,
   0.42779767513275146,
   0.34076210856437683,
   0.3856604993343353,
   0.40112414956092834,
   0.34112098813056946,
   0.35776886343955994,
   0.41088831424713135,
   0.3103863298892975,
   0.4150092303752899,
   0.24913106858730316,
   0.23289449512958527,
   0.1809842735528946,
   0.1523529440164566,
   0.23172233998775482,
   0.15060418844223022,
   0.14554795622825623,
   0.0967559963464737,
   0.0937795490026474,
   0.1321803629398346,
   0.15302063524723053,
   0.21053768694400787
  ]
 },