{
 "model": "Qwen/Qwen3-8B-Base",
 "n_layer": 36,
 "distances": [
  0,
  100,
  400,
  800,
  1400
 ],
 "per_distance": {
  "0": {
   "n_pairs": 16,
   "seq_len": 11,
   "mean_denominator_logit_diff": 10.140625,
   "recovery_entity_pos": [
    0.9941991567611694,
    0.99379962682724,
    0.9937236905097961,
    0.9984480738639832,
    0.9969997406005859,
    0.9929744005203247,
    0.9905577898025513,
    0.9899187684059143,
    0.9889196157455444,
    0.9422963857650757,
    0.9197595119476318,
    0.8982259631156921,
    0.902860164642334,
    0.9028475880622864,
    0.8944198489189148,
    0.8946009278297424,
    0.8909376263618469,
    0.8849160671234131,
    0.876450777053833,
    0.8725916147232056,
    0.8666170835494995,
    0.8577563762664795,
    0.8488907217979431,
    0.7246622443199158,
    0.41110581159591675,
    0.40198564529418945,
    0.1937991827726364,
    0.15926960110664368,
    0.1599462777376175,
    0.14876428246498108,
    0.13963043689727783,
    0.09824527055025101,
    0.0935787633061409,
    0.06905138492584229,
    0.003186120418831706,
    0.0
   ],
   "recovery_last_pos": [
    0.0035245148465037346,
    0.0019650489557534456,
    0.004716446157544851,
    0.004343784414231777,
    0.001382750691846013,
    0.002540791407227516,
    0.0026689115911722183,
    -0.003325024154037237,
    -0.0007880831835791469,
    0.0012464604806154966,
    0.0026969928294420242,
    0.0069174072705209255,
    0.006816399749368429,
    0.004313241690397263,
    0.0071365442126989365,
    0.009521715342998505,
    0.008320137858390808,
    0.008524307049810886,
    0.011056237854063511,
    0.008248059079051018,
    0.012659167870879173,
    0.023437414318323135,
    0.029283693060278893,
    0.11098572611808777,
    0.34982478618621826,
    0.36358946561813354,
    0.5628913044929504,
    0.6327019929885864,
    0.6365856528282166,
    0.6728790402412415,
    0.7152273654937744,
    0.7978475689888,
    0.8042461276054382,
    0.835520327091217,
    0.9278872609138489,
    1.0
   ]
  },
  "100": {
   "n_pairs": 16,
   "seq_len": 111,
   "mean_denominator_logit_diff": 10.6875,
   "recovery_entity_pos": [
    1.0003423690795898,
    1.0010085105895996,
    1.003129482269287,
    1.000108003616333,
    0.998897135257721,
    0.9975721836090088,
    0.9895013570785522,
    0.9873999953269958,
    0.983569860458374,
    0.9475864171981812,
    0.9245713353157043,
    0.9082357883453369,
    0.9060639142990112,
    0.9112130403518677,
    0.8955406546592712,
    0.9028470516204834,
    0.899865448474884,
    0.8992919325828552,
    0.8933030366897583,
    0.8923959136009216,
    0.8923771381378174,
    0.8881052732467651,
    0.887674868106842,
    0.8010596632957458,
    0.6377789974212646,
    0.644058108329773,
    0.5699979066848755,
    0.5389087796211243,
    0.5668748021125793,
    0.5031504034996033,
    0.49002182483673096,
    0.3832778334617615,
    0.3039604723453522,
    0.20538245141506195,
    0.002792055020108819,
    0.0
   ],
   "recovery_last_pos": [
    -0.0016781794838607311,
    0.00014993688091635704,
    5.550007335841656e-05,
    -0.002977462951093912,
    -0.0018808970926329494,
    -0.0008333333535119891,
    -0.0029943324625492096,
    0.0015842971624806523,
    -0.0019198337104171515,
    -0.0011940838303416967,
    -0.0006135845906101167,
    0.002053765580058098,
    0.0022670417092740536,
    0.0006391523638740182,
    0.002371367532759905,
    -0.001170728588476777,
    -0.000148570048622787,
    0.0024110013619065285,
    0.004806519951671362,
    0.0057466765865683556,
    0.006799408700317144,
    0.007672375999391079,
    0.010055555030703545,
    0.05557640269398689,
    0.1581462323665619,
    0.15124663710594177,
    0.21777820587158203,
    0.26884740591049194,
    0.26728445291519165,
    0.3262757658958435,
    0.3640684485435486,
    0.5043918490409851,
    0.581364631652832,
    0.6849324703216553,
    0.9080185890197754,
    1.0
   ]
  },
  "400": {
   "n_pairs": 16,
   "seq_len": 411,
   "mean_denominator_logit_diff": 10.671875,
   "recovery_entity_pos": [
    1.0027527809143066,
    1.004956603050232,
    1.0006392002105713,
    1.002003788948059,
    0.9945966005325317,
    0.9970805644989014,
    0.9842434525489807,
    0.985877513885498,
    0.9790166020393372,
    0.9486157894134521,
    0.9262564778327942,
    0.9105152487754822,
    0.9079043865203857,
    0.9151435494422913,
    0.905070424079895,
    0.9034223556518555,
    0.9066371917724609,
    0.8990506529808044,
    0.897914469242096,
    0.89475417137146,
    0.8927866220474243,
    0.888728141784668,
    0.8821951150894165,
    0.7652705311775208,
    0.48477786779403687,
    0.4973091781139374,
    0.43527641892433167,
    0.4173165261745453,
    0.45839205384254456,
    0.41379833221435547,
    0.4017563462257385,
    0.31571584939956665,
    0.2461729794740677,
    0.16356724500656128,
    0.0007489084382541478,
    0.0
   ],
   "recovery_last_pos": [
    -4.9493275582790375e-05,
    -0.001623376738280058,
    8.11688369140029e-05,
    0.0014676477294415236,
    -0.00034119817428290844,
    -0.001110326498746872,
    -0.002134476788341999,
    0.0008790052379481494,
    0.0021949405781924725,
    0.00252148206345737,
    0.004413812421262264,
    0.003213514108210802,
    0.00324844429269433,
    0.0036353159230202436,
    0.002985843922942877,
    0.005460793152451515,
    0.005332862958312035,
    0.005306500941514969,
    0.005451014265418053,
    0.0082097752019763,
    0.0079391710460186,
    0.01052234135568142,
    0.01686970330774784,
    0.05589517951011658,
    0.15713243186473846,
    0.14280883967876434,
    0.2011980265378952,
    0.24672259390354156,
    0.24749945104122162,
    0.30531826615333557,
    0.356087863445282,
    0.5187634229660034,
    0.596368670463562,
    0.7050076127052307,
    0.9247466921806335,
    1.0
   ]
  },
  "800": {
   "n_pairs": 16,
   "seq_len": 811,
   "mean_denominator_logit_diff": 10.328125,
   "recovery_entity_pos": [
    0.994036853313446,
    0.9938527941703796,
    0.9904072880744934,
    0.9898509383201599,
    0.9912798404693604,
    0.9876788854598999,
    0.9775791764259338,
    0.9794870615005493,
    0.9732009768486023,
    0.9372301697731018,
    0.915614664554596,
    0.9024562239646912,
    0.9030614495277405,
    0.9117102026939392,
    0.8956739902496338,
    0.8996164202690125,
    0.8981189131736755,
    0.8945180773735046,
    0.8909290432929993,
    0.8851261138916016,
    0.8841221332550049,
    0.8802739381790161,
    0.8764209151268005,
    0.7404131293296814,
    0.4038894474506378,
    0.4175419211387634,
    0.35192710161209106,
    0.33959531784057617,
    0.36896270513534546,
    0.3361164331436157,
    0.3294569253921509,
    0.27461308240890503,
    0.22663936018943787,
    0.15405888855457306,
    0.0008333333535119891,
    0.0
   ],
   "recovery_last_pos": [
    0.004799938760697842,
    0.0024156118743121624,
    0.0014708030503243208,
    0.004049394745379686,
    0.0024030026979744434,
    0.003180289873853326,
    0.0024249223060905933,
    0.005372479557991028,
    0.0060835061594843864,
    0.0033625815995037556,
    0.002373417839407921,
    0.006828512530773878,
    0.0030898158438503742,
    0.004271203652024269,
    0.0060818931087851524,
    0.005491575691848993,
    0.0028384076431393623,
    -0.0007608276791870594,
    0.004661248531192541,
    0.004049394745379686,
    0.007236551493406296,
    0.009374856017529964,
    0.012068057432770729,
    0.05653290078043938,
    0.20892548561096191,
    0.18937711417675018,
    0.25901874899864197,
    0.31104111671447754,
    0.30916836857795715,
    0.36822253465652466,
    0.4082784652709961,
    0.5424559116363525,
    0.605979859828949,
    0.7045795917510986,
    0.924454391002655,
    1.0
   ]
  },
  "1400": {
   "n_pairs": 16,
   "seq_len": 1411,
   "mean_denominator_logit_diff": 10.5,