{
 "label": "Qwen3-8B",
 "n_layer": 36,
 "chance_15way": 0.06666666666666667,
 "clean_tmpl": [
  0.8444444934527079,
  0.888888935248057,
  0.9666667381922404,
  0.9666667183240255,
  0.98333340883255,
  0.98333340883255,
  0.99444446961085,
  0.9888888994852701,
  0.99444446961085,
  0.99444446961085,
  0.9888889392217001,
  0.9888889392217001,
  0.98333340883255,
  0.9777778387069702,
  0.9777778387069702,
  0.9722222685813904,
  0.9777778387069702,
  0.9722222685813904,
  0.9722222884496053,
  0.9777778188387553,
  0.9722222884496053,
  0.98333340883255,
  0.9666667183240255,
  0.944444497426351,
  0.944444477558136,
  0.9222222765286764,
  0.9333333969116211,
  0.9333333770434061,
  0.938888947168986,
  0.9277778466542562,
  0.9611111680666605,
  0.9555555979410807,
  0.9555555979410807,
  0.9500000476837158,
  0.9500000476837158,
  0.9333333770434061
 ],
 "clean_tmpl_raw": [
  0.9222222566604614,
  0.9666667183240255,
  0.99444446961085,
  0.99444446961085,
  0.99444446961085,
  0.99444446961085,
  0.99444446961085,
  0.99444446961085,
  0.99444446961085,
  1.0,
  0.99444446961085,
  0.99444446961085,
  0.99444446961085,
  0.99444446961085,
  0.99444446961085,
  0.99444446961085,
  1.0,
  1.0,
  0.9888889392217001,
  0.9888889392217001,
  0.9888889392217001,
  0.9888889392217001,
  0.9666667183240255,
  0.9666667183240255,
  0.9166667262713114,
  0.9333333770434061,
  0.9333333770434061,
  0.888888935248057,
  0.9611111481984457,
  0.9333333770434061,
  0.9388889273007711,
  0.9166667064030966,
  0.9222222566604614,
  0.9333333770434061,
  0.9611111680666605,
  0.9222222566604614
 ],
 "within_cat": [
  0.9226190504573639,
  0.9623015920321147,
  0.9801587320509412,
  0.9841269850730896,
  0.9821428571428571,
  0.9940476190476192,
  0.9880952380952381,
  0.9940476190476192,
  0.9940476190476192,
  0.9940476190476192,
  0.9880952380952381,
  0.9940476190476192,
  0.9940476190476192,
  0.9880952380952381,
  0.9940476190476192,
  0.9940476190476192,
  0.9880952380952381,
  0.9940476190476192,
  0.9880952380952381,
  0.9880952380952381,
  0.9880952380952381,
  0.9940476190476192,
  0.9821428571428571,
  0.9642857142857143,
  0.9761904761904763,
  0.9682539701461792,
  0.9682539701461792,
  0.9722222231683276,
  0.9722222231683276,
  0.9781746041207086,
  0.9900793660254706,
  0.9841269850730896,
  0.9861111130033222,
  0.9861111130033222,
  0.9861111130033222,
  0.9702380980764117
 ],
 "within_cat_chance": 0.4666666666666662,
 "random_split": [
  0.3866666853427887,
  0.40000003576278687,
  0.5200000405311584,
  0.5516667366027832,
  0.7100000381469727,
  0.7850000858306885,
  0.89000004529953,
  0.7600000500679016,
  0.7600000500679016,
  0.9333333969116211,
  0.9433333277702332,
  0.9483332633972168,
  0.9266666173934937,
  0.9166666865348816,
  0.9016667604446411,
  0.8783333897590637,
  0.8616666793823242,
  0.8416666984558105,
  0.8316666483879089,
  0.7633333802223206,
  0.7266666293144226,
  0.6949999928474426,
  0.6266666650772095,
  0.6066666841506958,
  0.6733333468437195,
  0.6366667151451111,
  0.6716667413711548,
  0.70333331823349,
  0.6700000166893005,
  0.7000000476837158,
  0.7300001382827759,
  0.7350000143051147,
  0.721666693687439,
  0.7050000429153442,
  0.75,
  0.7016667127609253
 ],
 "random_split_std": [
  0.05488484352827072,
  0.07200823724269867,
  0.07192245125770569,
  0.0767592266201973,
  0.061463624238967896,
  0.058505043387413025,
  0.03784308582544327,
  0.0639251098036766,
  0.04594682902097702,
  0.027216551825404167,
  0.02249828726053238,
  0.026585539802908897,
  0.037843089550733566,
  0.031426966190338135,
  0.030882088467478752,
  0.036893244832754135,
  0.03244177624583244,
  0.029658546671271324,
  0.04475584253668785,
  0.034960296005010605,
  0.03944053873419762,
  0.05331597104668617,
  0.06045097857713699,
  0.05993823707103729,
  0.05043024942278862,
  0.05199715495109558,
  0.04086260870099068,
  0.042163703590631485,
  0.05018484964966774,
  0.04906534031033516,
  0.04893937706947327,
  0.04611446335911751,
  0.05558332800865173,
  0.05502524971961975,
  0.06136312335729599,
  0.04871814325451851
 ],
 "random_label": [
  0.07666666954755783,
  0.06333333700895309,
  0.06000000312924385,
  0.06666667014360428,
  0.07000000327825547,
  0.06666667014360428,
  0.06666667014360428,
  0.06000000312924385,
  0.07000000327825547,
  0.056666670739650725,
  0.06000000387430191,
  0.06333333700895309,
  0.07000000476837158,
  0.07000000476837158,
  0.06666667014360428,
  0.06000000312924385,
  0.06333333626389503,
  0.053333336114883424,
  0.05333333685994148,
  0.053333336114883424,
  0.05333333685994148,
  0.06000000312924385,
  0.05666666999459267,
  0.06000000387430191,
  0.06000000387430191,
  0.05666666999459267,
  0.05666666999459267,
  0.05666666999459267,
  0.06000000387430191,
  0.06000000312924385,
  0.04333333633840084,
  0.05000000409781933,
  0.046666670218110086,
  0.04666666947305202,
  0.04333333559334278,
  0.04333333671092987
 ]
}