{
 "model": "Qwen/Qwen3-8B-Base",
 "n_layer": 36,
 "n_pairs": 16,
 "P_clean_entity": [
  0.015425924211740494,
  0.01610538363456726,
  0.01665426790714264,
  0.016081171110272408,
  0.01616288535296917,
  0.016014203429222107,
  0.016542978584766388,
  0.016845475882291794,
  0.02041000872850418,
  0.023392733186483383,
  0.023814551532268524,
  0.015306501649320126,
  0.015530609525740147,
  0.014999380335211754,
  0.014577655121684074,
  0.015498521737754345,
  0.01500064879655838,
  0.01454624067991972,
  0.014408067800104618,
  0.01469769049435854,
  0.014749305322766304,
  0.014617029577493668,
  0.014066416770219803,
  0.010905489325523376,
  0.004343073349446058,
  0.004080760758370161,
  0.001121198176406324,
  0.00047835291479714215,
  0.00036906119203194976,
  0.00027348147705197334,
  0.00023863045498728752,
  0.00015245765098370612,
  0.0001403794885845855,
  0.00010895953892031685,
  5.6770866649458185e-05,
  5.580144716077484e-05
 ],
 "P_corrupt_entity": [
  5.380896254791878e-05,
  5.4553907830268145e-05,
  5.53674872207921e-05,
  5.647176658385433e-05,
  5.7271601690445095e-05,
  5.60123662580736e-05,
  5.669624806614593e-05,
  5.722791684092954e-05,
  5.93814293097239e-05,
  8.778228220762685e-05,
  9.386851888848469e-05,
  0.00012082871398888528,
  0.00012711789167951792,
  0.00012424132728483528,
  0.00014162705338094383,
  0.0001422501663910225,
  0.00014894948981236666,
  0.00016331607184838504,
  0.00017644217587076128,
  0.00018368700693827122,
  0.00017918193771038204,
  0.00019242556300014257,
  0.00019863364286720753,
  0.0005600358126685023,
  0.0029251347295939922,
  0.0030094163957983255,
  0.00736305583268404,
  0.008832625113427639,
  0.008438404649496078,
  0.008830958046019077,
  0.009048862382769585,
  0.00999811664223671,
  0.010926418006420135,
  0.0104612922295928,
  0.013366171158850193,
  0.013386367820203304
 ],
 "references": {
  "clean_run_Pclean": 0.013386366666964022,
  "clean_run_Pcorr": 5.580144492078887e-05,
  "corr_run_Pclean": 5.580144492078887e-05,
  "corr_run_Pcorr": 0.013386366666964022
 }
}