{
 "model": "Qwen/Qwen3-8B-Base",
 "n_layer": 36,
 "n_pairs": 16,
 "recovery": [
  0.9941991567611694,
  0.99379962682724,
  0.9937236905097961,
  0.9984480738639832,
  0.9969997406005859,
  0.9929744005203247,
  0.9905577898025513,
  0.9899187684059143,
  0.9889196157455444,
  0.9422963857650757,
  0.9197595119476318,
  0.8982259631156921,
  0.902860164642334,
  0.9028475880622864,
  0.8944198489189148,
  0.8946009278297424,
  0.8909376263618469,
  0.8849160671234131,
  0.876450777053833,
  0.8725916147232056,
  0.8666170835494995,
  0.8577563762664795,
  0.8488907217979431,
  0.7246622443199158,
  0.41110581159591675,
  0.40198564529418945,
  0.1937991827726364,
  0.15926960110664368,
  0.1599462777376175,
  0.14876428246498108,
  0.13963043689727783,
  0.09824527055025101,
  0.0935787633061409,
  0.06905138492584229,
  0.003186120418831706,
  0.0
 ]
}