{
 "model": "Qwen/Qwen3-8B-Base",
 "n_layer": 36,
 "grid": [
  0,
  2,
  4,
  6,
  8,
  10,
  12,
  14,
  16,
  18,
  20,
  22,
  24,
  26,
  28,
  30,
  32,
  34
 ],
 "chance": 0.06666666666666667,
 "raw": [
  [
   0.44999998807907104,
   0.41111111640930176,
   0.44999998807907104,
   0.3888888955116272,
   0.33888888359069824,
   0.3611111044883728,
   0.30000001192092896,
   0.3055555522441864,
   0.20555555820465088,
   0.20000000298023224,
   0.20000000298023224,
   0.07777778059244156,
   0.13333334028720856,
   0.12222222983837128,
   0.1111111119389534,
   0.07222222536802292,
   0.07222222536802292,
   0.06666667014360428
  ],
  [
   0.4611110985279083,
   0.46666666865348816,
   0.4555555582046509,
   0.42222222685813904,
   0.4000000059604645,
   0.38333332538604736,
   0.27222222089767456,
   0.31111112236976624,
   0.20555555820465088,
   0.20000000298023224,
   0.20000000298023224,
   0.07222222536802292,
   0.13333334028720856,
   0.07777778059244156,
   0.10555555671453476,
   0.07222222536802292,
   0.07777778059244156,
   0.06666667014360428
  ],
  [
   0.46666666865348816,
   0.47777777910232544,
   0.46666666865348816,
   0.44999998807907104,
   0.4055555462837219,
   0.4166666567325592,
   0.38333332538604736,
   0.36666667461395264,
   0.2611111104488373,
   0.21111111342906952,
   0.20000000298023224,
   0.15555556118488312,
   0.13333334028720856,
   0.10555555671453476,
   0.09444444626569748,
   0.07222222536802292,
   0.06666667014360428,
   0.06666667014360428
  ],
  [
   0.38333332538604736,
   0.2777777910232544,
   0.44999998807907104,
   0.4722222089767456,
   0.4277777671813965,
   0.4444444477558136,
   0.39444443583488464,
   0.31111112236976624,
   0.30000001192092896,
   0.20000000298023224,
   0.20000000298023224,
   0.20000000298023224,
   0.13333334028720856,
   0.13333334028720856,
   0.12777778506278992,
   0.07777778059244156,
   0.07222222536802292,
   0.06666667014360428
  ],
  [
   0.3444444537162781,
   0.21666666865348816,
   0.41111111640930176,
   0.5055555701255798,
   0.4444444477558136,
   0.5111111402511597,
   0.4444444477558136,
   0.36666667461395264,
   0.3444444537162781,
   0.22777777910232544,
   0.2222222238779068,
   0.1944444477558136,
   0.1388888955116272,
   0.13333334028720856,
   0.13333334028720856,
   0.11666666716337204,
   0.10000000149011612,
   0.06666667014360428
  ],
  [
   0.2777777910232544,
   0.21666666865348816,
   0.23888888955116272,
   0.6333333253860474,
   0.5777778029441833,
   0.6833333373069763,
   0.6222222447395325,
   0.4888888895511627,
   0.43888887763023376,
   0.2777777910232544,
   0.25555557012557983,
   0.25555557012557983,
   0.15555556118488312,
   0.13333334028720856,
   0.13333334028720856,
   0.12777778506278992,
   0.11666666716337204,
   0.06666667014360428
  ],
  [
   0.1388888955116272,
   0.06666667014360428,
   0.09444444626569748,
   0.6111111044883728,
   0.5277777910232544,
   0.6333333253860474,
   0.5388888716697693,
   0.4166666567325592,
   0.35555556416511536,
   0.25,
   0.25,
   0.25,
   0.15000000596046448,
   0.13333334028720856,
   0.13333334028720856,
   0.12777778506278992,
   0.12777778506278992,
   0.06666667014360428
  ],
  [
   0.09444444626569748,
   0.06666667014360428,
   0.09444444626569748,
   0.49444445967674255,
   0.4055555462837219,
   0.550000011920929,
   0.4833333194255829,
   0.3499999940395355,
   0.30000001192092896,
   0.23333333432674408,
   0.2222222238779068,
   0.21666666865348816,
   0.13333334028720856,
   0.13333334028720856,
   0.13333334028720856,
   0.12222222983837128,
   0.12222222238779068,
   0.06666667014360428
  ],
  [
   0.07777778059244156,
   0.06666667014360428,
   0.06666667014360428,
   0.43888887763023376,
   0.3888888955116272,
   0.4833333194255829,
   0.43888890743255615,
   0.2777777910232544,
   0.23333333432674408,
   0.22777777910232544,
   0.21111111342906952,
   0.20000000298023224,
   0.13333334028720856,
   0.13333334028720856,
   0.12777778506278992,
   0.12222222238779068,
   0.12777778506278992,
   0.06666667014360428
  ],
  [
   0.07777778059244156,
   0.06666667014360428,
   0.06666667014360428,
   0.39444443583488464,
   0.36666667461395264,
   0.4611110985279083,
   0.4277777671813965,
   0.2944444417953491,
   0.2222222238779068,
   0.21111111342906952,
   0.20000000298023224,
   0.18333333730697632,
   0.13333334028720856,
   0.13333334028720856,
   0.12222222238779068,
   0.10000000149011612,
   0.10555555671453476,
   0.06666667014360428
  ],
  [
   0.06666667014360428,
   0.06666667014360428,
   0.06666667014360428,
   0.4000000059604645,
   0.3444444537162781,
   0.3722222149372101,
   0.33888888359069824,
   0.23333333432674408,
   0.20555555820465088,
   0.21111111342906952,
   0.18333333730697632,
   0.17777778208255768,
   0.13333334028720856,
   0.13333334028720856,
   0.10555555671453476,
   0.07777778059244156,
   0.11666666716337204,
   0.06666667014360428
  ],
  [
   0.06666667014360428,
   0.06666667014360428,
   0.06666667014360428,
   0.4166666567325592,
   0.28333333134651184,
   0.3499999940395355,
   0.39444443583488464,
   0.2666666507720947,
   0.21111111342906952,
   0.21666666865348816,
   0.17777778208255768,
   0.1666666716337204,
   0.13333334028720856,
   0.13333334028720856,
   0.12777778506278992,
   0.0833333358168602,
   0.10000000149011612,
   0.06666667014360428
  ],
  [
   0.06666667014360428,
   0.06666667014360428,
   0.06666667014360428,
   0.4166666567325592,
   0.2666666805744171,
   0.2944444417953491,
   0.33888888359069824,
   0.25,
   0.20000000298023224,
   0.24444444477558136,
   0.21111111342906952,
   0.17222222685813904,
   0.14444445073604584,
   0.13333334028720856,
   0.13333334028720856,
   0.09444444626569748,
   0.12222222238779068,
   0.06666667014360428
  ],
  [
   0.07222222536802292,
   0.06666667014360428,
   0.06666667014360428,
   0.4166666567325592,
   0.22777777910232544,
   0.25,
   0.3166666626930237,
   0.27222222089767456,
   0.23888888955116272,
   0.25555557012557983,
   0.25,
   0.21666666865348816,
   0.1388888955116272,
   0.13333334028720856,
   0.12777778506278992,
   0.0833333358168602,
   0.11666666716337204,
   0.06666667014360428
  ],
  [
   0.06666667014360428,
   0.06666667014360428,
   0.06666667014360428,
   0.35555556416511536,
   0.21111111342906952,
   0.23888888955116272,
   0.3166666626930237,
   0.27222222089767456,
   0.25,
   0.2611111104488373,
   0.2666666805744171,
   0.20555555820465088,
   0.13333334028720856,
   0.13333334028720856,
   0.13333334028720856,
   0.0833333358168602,
   0.09444444626569748,
   0.06666667014360428
  ],
  [
   0.06666667014360428,
   0.06666667014360428,
   0.06666667014360428,
   0.3777777850627899,
   0.23888888955116272,
   0.28333333134651184,
   0.3166666626930237,
   0.31111112236976624,
   0.28333333134651184,
   0.2666666805744171,
   0.27222222089767456,
   0.18888889253139496,
   0.1388888955116272,
   0.13333334028720856,
   0.12777778506278992,
   0.10555555671453476,
   0.11666666716337204,
   0.06666667014360428
  ],
  [
   0.06666667014360428,
   0.06666667014360428,
   0.06666667014360428,
   0.28333333134651184,
   0.1944444477558136,
   0.25,
   0.3055555522441864,
   0.3166666626930237,
   0.28333333134651184,
   0.2666666805744171,
   0.28333333134651184,
   0.17777778208255768,
   0.13333334028720856,
   0.13333334028720856,
   0.12777778506278992,
   0.07777778059244156,
   0.0833333358168602,
   0.06666667014360428
  ],
  [
   0.06666667014360428,
   0.06666667014360428,
   0.06666667014360428,
   0.1388888955116272,
   0.11666666716337204,
   0.07222222536802292,
   0.24444444477558136,
   0.2611111104488373,
   0.28333333134651184,
   0.2222222238779068,
   0.21666666865348816,
   0.17222222685813904,
   0.13333334028720856,
   0.13333334028720856,
   0.13333334028720856,
   0.1111111119389534,
   0.07777778059244156,
   0.06666667014360428
  ]
 ],