{
 "model": "Qwen/Qwen3-8B-Base",
 "target": 10,
 "sources": [
  20,
  24,
  28,
  32
 ],
 "accuracy": {
  "raw": [
   0.37222222487131756,
   0.2944444517294566,
   0.23888888955116272,
   0.25
  ],
  "shift": [
   0.522222230831782,
   0.32222222288449603,
   0.2833333412806193,
   0.18888889253139496
  ],
  "shift+scale": [
   0.5,
   0.4944444497426351,
   0.48888887961705524,
   0.47777776916821796
  ],
  "shift+rotate": [
   0.5666666825612386,
   0.5,
   0.42222222685813904,
   0.3444444437821706
  ],
  "full A": [
   0.6666666666666666,
   0.6722222367922465,
   0.5722222129503886,
   0.36666667461395264
  ],
  "true h_t": [
   0.6833333373069763,
   0.6833333373069763,
   0.6833333373069763,
   0.6833333373069763
  ]
 },
 "geometry": [
  {
   "sv": 0.3559073947370052,
   "dist_I": 0.9991711179415385,
   "stable_rank_AmI": 1445.8966064453125,
   "angle": 44.89338048299154,
   "cos_toward": 0.9768059452374777
  },
  {
   "sv": 0.5024409830570221,
   "dist_I": 1.0134740670522053,
   "stable_rank_AmI": 1383.8795166015625,
   "angle": 53.150044759114586,
   "cos_toward": 0.9934980471928915
  },
  {
   "sv": 0.7070519861578941,
   "dist_I": 1.0508861939112346,
   "stable_rank_AmI": 1217.9490152994792,
   "angle": 62.37038803100586,
   "cos_toward": 0.9937139550844828
  },
  {
   "sv": 0.9031709536910058,
   "dist_I": 1.100078781445821,
   "stable_rank_AmI": 1021.7372639973959,
   "angle": 72.58613840738933,
   "cos_toward": 0.9931719104448954
  }
 ]
}