{
 "model": "Qwen/Qwen3-8B-Base",
 "n_layer": 36,
 "chance": 0.06666666666666667,
 "target_layers": [
  4,
  10,
  18,
  25
 ],
 "best_target": 10,
 "probe": [
  0.8444444934527079,
  0.888888935248057,
  0.9666667381922404,
  0.9666667183240255,
  0.98333340883255,
  0.98333340883255,
  0.99444446961085,
  0.9888888994852701,
  0.99444446961085,
  0.99444446961085,
  0.9888889392217001,
  0.9888889392217001,
  0.98333340883255,
  0.9777778387069702,
  0.9777778387069702,
  0.9722222685813904,
  0.9777778387069702,
  0.9722222685813904,
  0.9722222884496053,
  0.9777778188387553,
  0.9722222884496053,
  0.98333340883255,
  0.9666667183240255,
  0.944444497426351,
  0.944444477558136,
  0.9222222765286764,
  0.9333333969116211,
  0.9333333770434061,
  0.938888947168986,
  0.9277778466542562,
  0.9611111680666605,
  0.9555555979410807,
  0.9555555979410807,
  0.9555555979410807,
  0.9500000476837158,
  0.944444477558136
 ],
 "patchscope": {
  "4": [
   0.44999998807907104,
   0.4722222089767456,
   0.4555555582046509,
   0.4055555462837219,
   0.46666666865348816,
   0.46666666865348816,
   0.44999998807907104,
   0.43888887763023376,
   0.41111111640930176,
   0.3777777850627899,
   0.23888888955116272,
   0.13333334028720856,
   0.09444444626569748,
   0.10000000149011612,
   0.09444444626569748,
   0.07777778059244156,
   0.06666667014360428,
   0.06666667014360428,
   0.06666667014360428,
   0.06666667014360428,
   0.06666667014360428,
   0.06666667014360428,
   0.06666667014360428,
   0.06666667014360428,
   0.06666667014360428,
   0.06666667014360428,
   0.06666667014360428,
   0.06666667014360428,
   0.06666667014360428,
   0.06666667014360428,
   0.06666667014360428,
   0.06666667014360428,
   0.06666667014360428,
   0.06666667014360428,
   0.06666667014360428,
   0.07222222536802292
  ],
  "10": [
   0.3611111044883728,
   0.3777777850627899,
   0.38333332538604736,
   0.4055555462837219,
   0.4166666567325592,
   0.35555556416511536,
   0.4444444477558136,
   0.42222222685813904,
   0.5111111402511597,
   0.6222222447395325,
   0.6833333373069763,
   0.6000000238418579,
   0.6333333253860474,
   0.6111111044883728,
   0.550000011920929,
   0.5055555701255798,
   0.4833333194255829,
   0.4555555582046509,
   0.4611110985279083,
   0.4444444477558136,
   0.3722222149372101,
   0.3722222149372101,
   0.3499999940395355,
   0.32777777314186096,
   0.2944444417953491,
   0.24444444477558136,
   0.25,
   0.27222222089767456,
   0.23888888955116272,
   0.2611111104488373,
   0.28333333134651184,
   0.2611111104488373,
   0.25,
   0.14444445073604584,
   0.07222222536802292,
   0.06666667014360428
  ],
  "18": [
   0.20000000298023224,
   0.20000000298023224,
   0.20000000298023224,
   0.20000000298023224,
   0.21111111342906952,
   0.2222222238779068,
   0.20000000298023224,
   0.21111111342906952,
   0.22777777910232544,
   0.2222222238779068,
   0.2777777910232544,
   0.2611111104488373,
   0.25,
   0.23888888955116272,
   0.23333333432674408,
   0.21666666865348816,
   0.22777777910232544,
   0.21666666865348816,
   0.21111111342906952,
   0.21111111342906952,
   0.21111111342906952,
   0.21111111342906952,
   0.21666666865348816,
   0.24444444477558136,
   0.24444444477558136,
   0.24444444477558136,
   0.25555557012557983,
   0.2666666805744171,
   0.2611111104488373,
   0.2777777910232544,
   0.2666666805744171,
   0.2944444417953491,
   0.2666666805744171,
   0.2944444417953491,
   0.2222222238779068,
   0.06666667014360428
  ],
  "25": [
   0.11666666716337204,
   0.08888889104127884,
   0.07222222536802292,
   0.06666667014360428,
   0.1111111119389534,
   0.13333334028720856,
   0.13333334028720856,
   0.13333334028720856,
   0.13333334028720856,
   0.13333334028720856,
   0.13333334028720856,
   0.13333334028720856,
   0.13333334028720856,
   0.13333334028720856,
   0.13333334028720856,
   0.13333334028720856,
   0.13333334028720856,
   0.13333334028720856,
   0.13333334028720856,
   0.13333334028720856,
   0.13333334028720856,
   0.13333334028720856,
   0.13333334028720856,
   0.13333334028720856,
   0.13333334028720856,
   0.13333334028720856,
   0.13333334028720856,
   0.13333334028720856,
   0.13333334028720856,
   0.13333334028720856,
   0.13333334028720856,
   0.13333334028720856,
   0.13333334028720856,
   0.13333334028720856,
   0.13333334028720856,
   0.06666667014360428
  ]
 },
 "patchscope_random_floor": [
  0.06111111119389534,
  0.06666667014360428,
  0.07777778059244156,
  0.06111111119389534,
  0.06666667014360428,
  0.07777778059244156,
  0.07222222536802292,
  0.06111111119389534,
  0.05000000074505806,
  0.06666667014360428,
  0.06111111119389534,
  0.06111111119389534,
  0.06111111119389534,
  0.06666667014360428,
  0.07222222536802292,
  0.0555555559694767,
  0.0555555559694767,
  0.06111111119389534,
  0.06111111119389534,
  0.06666667014360428,
  0.06111111119389534,
  0.07222222536802292,
  0.06666667014360428,
  0.06111111119389534,
  0.06666667014360428,
  0.07777778059244156,
  0.06666667014360428,
  0.06666667014360428,
  0.06666667014360428,
  0.07222222536802292,
  0.0555555559694767,
  0.06666667014360428,
  0.07777778059244156,
  0.06666667014360428,
  0.06111111119389534,
  0.07222222536802292
 ],
 "patchscope_generation": [
  0.0,
  0.0,
  0.016666666666666666,
  0.0,
  0.022222222222222223,
  0.06111111111111111,
  0.011111111111111112,
  0.044444444444444446,
  0.06666666666666667,
  0.06666666666666667,
  0.1111111111111111,
  0.1,
  0.07222222222222222,
  0.06111111111111111,
  0.03888888888888889,
  0.016666666666666666,
  0.016666666666666666,
  0.005555555555555556,
  0.011111111111111112,
  0.011111111111111112,
  0.0,
  0.0,
  0.0,
  0.0,
  0.0,
  0.0,
  0.0,
  0.0,
  0.0,
  0.0,
  0.0,
  0.0,
  0.0,
  0.0,
  0.0,
  0.0
 ]
}